Feature,Coefficient
High Value Order,0.0872133772693554
Platform,0.01923362860930876
category_count,6.714421101135672e-05
platform_order_count,-3.2508317354595525e-05
Order Value (INR),-3.7273261708952395e-05
Product Category,-0.001275031351648452
Order Hour,-0.002912788149670064
time_bucket,-0.00764970076042558
