Feature,Importance
Order Value (INR),0.576690588370984
Order Hour,0.21147868692281876
time_bucket,0.04576121692397413
category_count,0.04197559043212498
Product Category,0.041825468772834676
platform_order_count,0.035478144969680867
Platform,0.034533284747959844
High Value Order,0.01225701885962279
